{
  "3. CHALLENGE GENERATION": 0.4652530849998584,
  "4. PROOF GENERATION (Cloud)": 0.005777943000794039,
  "5. PROOF VERIFICATION": 0.03995028399913281
}