{
  "1. SETUP  TIME": 6.7449982452671975e-06,
  "2. STORE TIME": 0.704206662998331,
  "Total setup+store time": 0.7042134079965763
}