{
  "3. CHALLENGE GENERATION": 0.4195128669998667,
  "4. PROOF GENERATION (Cloud)": 0.09657915700154263,
  "5. PROOF VERIFICATION": 0.5224932410001202,
  "Total Stage-2 Time": 4.157186239001021
}