{
  "1. SETUP  TIME": 8.105000233626924e-06,
  "2. STORE TIME": 5.096513535001577,
  "Total setup+store time": 5.096521640001811
}