file_size,challenge_c,setup_time,store_time,reg_gas,ver_gas,chalgen_time,proofgen_time,proofveri_time,total
1024,20,0.0000067450,0.7042066630,36108,152604,0.4652530850,0.0000000000,0.0000000000,1.1694664930
